{
  "auroc": 0.816588478946745,
  "aupr": 0.9345599673828169
}